put, 0.0018527507781982422 
put, 0.0016868114471435547 
put, 0.0017316341400146484 
put, 0.0016622543334960938 
put, 0.0016388893127441406 
put, 0.0015606880187988281 
put, 0.001580953598022461 
put, 0.0015840530395507812 
put, 0.0017085075378417969 
put, 0.0016677379608154297 
put, 0.0016307830810546875 
put, 0.0016033649444580078 
put, 0.001583099365234375 
put, 0.0016231536865234375 
put, 0.0015096664428710938 
put, 0.0016150474548339844 
put, 0.0016722679138183594 
put, 0.0015993118286132812 
put, 0.0015387535095214844 
put, 0.0016050338745117188 
put, 0.0017049312591552734 
put, 0.0016727447509765625 
put, 0.0016536712646484375 
put, 0.001621246337890625 
put, 0.0015544891357421875 
put, 0.001622915267944336 
put, 0.0016326904296875 
put, 0.0016677379608154297 
put, 0.0016412734985351562 
put, 0.0016551017761230469 
put, 0.0016651153564453125 
put, 0.0015864372253417969 
put, 0.0015778541564941406 
put, 0.0015995502471923828 
put, 0.0016183853149414062 
put, 0.0015952587127685547 
put, 0.0016503334045410156 
put, 0.0016450881958007812 
put, 0.0017218589782714844 
put, 0.0015940666198730469 
put, 0.0016303062438964844 
put, 0.0016283988952636719 
put, 0.001638174057006836 
put, 0.0016012191772460938 
put, 0.0015521049499511719 
put, 0.0016853809356689453 
put, 0.0016560554504394531 
put, 0.001560211181640625 
put, 0.0015838146209716797 
put, 0.0016026496887207031 
put, 0.001619577407836914 
put, 0.001653432846069336 
put, 0.001600027084350586 
put, 0.0016949176788330078 
put, 0.0015995502471923828 
put, 0.0016102790832519531 
put, 0.0016846656799316406 
put, 0.00159454345703125 
put, 0.0016436576843261719 
put, 0.0015172958374023438 
put, 0.0016412734985351562 
put, 0.0015916824340820312 
put, 0.0016133785247802734 
put, 0.0015861988067626953 
put, 0.0016560554504394531 
put, 0.0016710758209228516 
put, 0.00164031982421875 
put, 0.0016376972198486328 
put, 0.0016314983367919922 
put, 0.0016088485717773438 
put, 0.0017063617706298828 
put, 0.0015726089477539062 
put, 0.0016164779663085938 
put, 0.0015916824340820312 
put, 0.0016629695892333984 
put, 0.0016634464263916016 
put, 0.0016183853149414062 
put, 0.0016429424285888672 
put, 0.001615762710571289 
put, 0.0015375614166259766 
put, 0.0015850067138671875 
put, 0.0016140937805175781 
put, 0.0015878677368164062 
put, 0.001613616943359375 
put, 0.001567840576171875 
put, 0.0016102790832519531 
put, 0.001596689224243164 
put, 0.0016932487487792969 
put, 0.0016074180603027344 
put, 0.0016226768493652344 
put, 0.0016531944274902344 
put, 0.001573801040649414 
put, 0.0016412734985351562 
put, 0.0016651153564453125 
put, 0.0016415119171142578 
put, 0.0016336441040039062 
put, 0.0016179084777832031 
put, 0.0016846656799316406 
put, 0.0016748905181884766 
put, 0.0016741752624511719 
get, 0.001653432846069336 
get, 0.0016455650329589844 
get, 0.0015764236450195312 
get, 0.0015823841094970703 
get, 0.0016810894012451172 
get, 0.0017075538635253906 
get, 0.0016622543334960938 
get, 0.0016579627990722656 
get, 0.0015895366668701172 
get, 0.0016298294067382812 
get, 0.001667022705078125 
get, 0.001583099365234375 
get, 0.0016012191772460938 
get, 0.0016036033630371094 
get, 0.0015988349914550781 
get, 0.0015494823455810547 
get, 0.001577138900756836 
get, 0.0016582012176513672 
get, 0.0017178058624267578 
get, 0.0016601085662841797 
get, 0.0016376972198486328 
get, 0.0016515254974365234 
get, 0.0015788078308105469 
get, 0.0016252994537353516 
get, 0.0017080307006835938 
get, 0.0015976428985595703 
get, 0.0016317367553710938 
get, 0.0017366409301757812 
get, 0.001600503921508789 
get, 0.0015575885772705078 
get, 0.0015795230865478516 
get, 0.0016129016876220703 
get, 0.001641988754272461 
get, 0.0016529560089111328 
get, 0.0016283988952636719 
get, 0.0015850067138671875 
get, 0.0016109943389892578 
get, 0.0016779899597167969 
get, 0.0017006397247314453 
get, 0.0016696453094482422 
get, 0.0016341209411621094 
get, 0.0016064643859863281 
get, 0.0016989707946777344 
get, 0.0016283988952636719 
get, 0.0016236305236816406 
get, 0.0015804767608642578 
get, 0.0016624927520751953 
get, 0.001623392105102539 
get, 0.001678466796875 
get, 0.00167083740234375 
get, 0.0016911029815673828 
get, 0.001672506332397461 
get, 0.0016100406646728516 
get, 0.0015943050384521484 
get, 0.0016698837280273438 
get, 0.0015859603881835938 
get, 0.0016214847564697266 
get, 0.0016760826110839844 
get, 0.0015921592712402344 
get, 0.0016663074493408203 
get, 0.0016865730285644531 
get, 0.0016260147094726562 
get, 0.0015649795532226562 
get, 0.0015707015991210938 
get, 0.0015902519226074219 
get, 0.0016202926635742188 
get, 0.0015416145324707031 
get, 0.0015673637390136719 
get, 0.0016524791717529297 
get, 0.0016186237335205078 
get, 0.0016493797302246094 
get, 0.001619100570678711 
get, 0.0017015933990478516 
get, 0.0016427040100097656 
get, 0.0016522407531738281 
get, 0.0016834735870361328 
get, 0.0016200542449951172 
get, 0.0016694068908691406 
get, 0.001638174057006836 
get, 0.0016930103302001953 
get, 0.0016818046569824219 
get, 0.0015990734100341797 
get, 0.0016071796417236328 
get, 0.0016751289367675781 
get, 0.0017044544219970703 
get, 0.001714944839477539 
get, 0.0016849040985107422 
get, 0.00165557861328125 
get, 0.0016138553619384766 
get, 0.0016336441040039062 
get, 0.001604318618774414 
get, 0.0015463829040527344 
get, 0.0015797615051269531 
get, 0.001646280288696289 
get, 0.0016012191772460938 
get, 0.00164794921875 
get, 0.0015716552734375 
get, 0.0016565322875976562 
get, 0.0015559196472167969 
get, 0.0016169548034667969 
get, 0.0015971660614013672 
get, 0.0015606880187988281 
get, 0.001689910888671875 
get, 0.001567840576171875 
get, 0.001607656478881836 
get, 0.0016849040985107422 
get, 0.0016307830810546875 
get, 0.0016939640045166016 
get, 0.0016329288482666016 
get, 0.0015950202941894531 
get, 0.001646280288696289 
get, 0.0016682147979736328 
get, 0.0017273426055908203 
get, 0.0015881061553955078 
get, 0.0016155242919921875 
get, 0.0015683174133300781 
get, 0.0016260147094726562 
get, 0.0016977787017822266 
get, 0.0015692710876464844 
get, 0.001676797866821289 
get, 0.0016293525695800781 
get, 0.0015575885772705078 
get, 0.0016040802001953125 
get, 0.0016491413116455078 
get, 0.0017006397247314453 
get, 0.0015692710876464844 
get, 0.0015978813171386719 
get, 0.0016405582427978516 
get, 0.00164794921875 
get, 0.0015971660614013672 
get, 0.001649618148803711 
get, 0.0017380714416503906 
get, 0.0016331672668457031 
get, 0.0016138553619384766 
get, 0.0015664100646972656 
get, 0.0015263557434082031 
get, 0.0016546249389648438 
get, 0.001638650894165039 
get, 0.001588582992553711 
get, 0.0016300678253173828 
get, 0.0016794204711914062 
get, 0.0016741752624511719 
get, 0.0016660690307617188 
get, 0.0016727447509765625 
get, 0.0016498565673828125 
get, 0.0015571117401123047 
get, 0.001596212387084961 
get, 0.0015811920166015625 
get, 0.001622915267944336 
get, 0.0016646385192871094 
get, 0.0016710758209228516 
get, 0.0015759468078613281 
get, 0.0016279220581054688 
get, 0.00162506103515625 
get, 0.0015363693237304688 
get, 0.0015897750854492188 
get, 0.001580953598022461 
get, 0.0015823841094970703 
get, 0.0015671253204345703 
get, 0.0016198158264160156 
get, 0.0017027854919433594 
get, 0.001596212387084961 
get, 0.0016834735870361328 
get, 0.001649618148803711 
get, 0.0015680789947509766 
get, 0.0016026496887207031 
get, 0.0018990039825439453 
get, 0.0015959739685058594 
get, 0.001522064208984375 
get, 0.0015730857849121094 
get, 0.0015807151794433594 
get, 0.0016388893127441406 
get, 0.0016202926635742188 
get, 0.0016112327575683594 
get, 0.0015954971313476562 
get, 0.0016522407531738281 
get, 0.001585245132446289 
get, 0.0015807151794433594 
get, 0.0016603469848632812 
get, 0.001642465591430664 
get, 0.0015935897827148438 
get, 0.0016100406646728516 
get, 0.0016217231750488281 
get, 0.0016050338745117188 
get, 0.001638174057006836 
get, 0.0015239715576171875 
get, 0.0016410350799560547 
get, 0.0017113685607910156 
get, 0.0015811920166015625 
get, 0.0015802383422851562 
get, 0.0016353130340576172 
get, 0.0016071796417236328 
get, 0.001605987548828125 
get, 0.0016677379608154297 
get, 0.0015642642974853516 
get, 0.0016224384307861328 
get, 0.0015940666198730469 
get, 0.0015892982482910156 
get, 0.0015883445739746094 
get, 0.0016677379608154297 
get, 0.0016074180603027344 
get, 0.001592397689819336 
get, 0.0015399456024169922 
get, 0.0015747547149658203 
get, 0.001630544662475586 
get, 0.0015404224395751953 
get, 0.0016469955444335938 
get, 0.0016505718231201172 
get, 0.0016627311706542969 
get, 0.0016345977783203125 
get, 0.0016739368438720703 
get, 0.0016040802001953125 
get, 0.0016248226165771484 
get, 0.0015377998352050781 
get, 0.001573801040649414 
get, 0.0016200542449951172 
get, 0.0015604496002197266 
get, 0.0015532970428466797 
get, 0.0016732215881347656 
get, 0.0015959739685058594 
get, 0.0015878677368164062 
get, 0.0016283988952636719 
get, 0.0015552043914794922 
get, 0.0016052722930908203 
get, 0.0015668869018554688 
get, 0.0015842914581298828 
get, 0.0017008781433105469 
get, 0.0016505718231201172 
get, 0.0015947818756103516 
get, 0.0016551017761230469 
get, 0.0017130374908447266 
get, 0.0016407966613769531 
get, 0.0015513896942138672 
get, 0.001645803451538086 
get, 0.0016388893127441406 
get, 0.0016214847564697266 
get, 0.0015864372253417969 
get, 0.0016794204711914062 
get, 0.0016465187072753906 
get, 0.0015709400177001953 
get, 0.001653909683227539 
get, 0.0015790462493896484 
get, 0.0014955997467041016 
get, 0.0015802383422851562 
get, 0.0016322135925292969 
get, 0.0015716552734375 
get, 0.001644134521484375 
get, 0.0016548633575439453 
get, 0.0016531944274902344 
get, 0.0017011165618896484 
get, 0.0016841888427734375 
get, 0.0016384124755859375 
get, 0.0016696453094482422 
get, 0.0016026496887207031 
get, 0.0016455650329589844 
get, 0.0016393661499023438 
get, 0.001577138900756836 
get, 0.0016715526580810547 
get, 0.0016434192657470703 
get, 0.0016682147979736328 
get, 0.00167083740234375 
get, 0.0016417503356933594 
get, 0.0016217231750488281 
get, 0.0016961097717285156 
get, 0.0015883445739746094 
get, 0.0016279220581054688 
get, 0.0016078948974609375 
get, 0.0016238689422607422 
get, 0.0016062259674072266 
get, 0.0016324520111083984 
get, 0.001562356948852539 
get, 0.0016360282897949219 
get, 0.0016443729400634766 
get, 0.0016589164733886719 
get, 0.0016083717346191406 
get, 0.0016934871673583984 
get, 0.0016334056854248047 
get, 0.0016446113586425781 
get, 0.0016584396362304688 
get, 0.0015861988067626953 
get, 0.0016825199127197266 
get, 0.001604318618774414 
get, 0.0015654563903808594 
get, 0.0016007423400878906 
get, 0.0015947818756103516 
get, 0.0016427040100097656 
get, 0.0016453266143798828 
get, 0.0016064643859863281 
get, 0.0015530586242675781 
get, 0.0016794204711914062 
get, 0.00164794921875 
get, 0.0016400814056396484 
get, 0.001657724380493164 
get, 0.0016388893127441406 
get, 0.0016541481018066406 
get, 0.0015521049499511719 
get, 0.0015544891357421875 
get, 0.0015377998352050781 
get, 0.0016791820526123047 
get, 0.0015225410461425781 
get, 0.0016331672668457031 
get, 0.0016684532165527344 
get, 0.0015904903411865234 
get, 0.0016231536865234375 
get, 0.0015897750854492188 
get, 0.0016257762908935547 
get, 0.0016062259674072266 
get, 0.0016248226165771484 
get, 0.0015997886657714844 
get, 0.0016105175018310547 
get, 0.0016736984252929688 
get, 0.0016064643859863281 
get, 0.0016353130340576172 
get, 0.00167083740234375 
get, 0.0015718936920166016 
get, 0.0015850067138671875 
get, 0.0016448497772216797 
get, 0.0015892982482910156 
get, 0.0016176700592041016 
get, 0.001608133316040039 
get, 0.0015938282012939453 
get, 0.001684427261352539 
get, 0.001665353775024414 
get, 0.0016582012176513672 
get, 0.0016279220581054688 
get, 0.001550912857055664 
get, 0.0016093254089355469 
get, 0.0015933513641357422 
get, 0.001619577407836914 
get, 0.001615762710571289 
get, 0.0016422271728515625 
get, 0.0015804767608642578 
get, 0.0017054080963134766 
get, 0.0016319751739501953 
get, 0.0016450881958007812 
get, 0.0016009807586669922 
get, 0.001626729965209961 
get, 0.0016450881958007812 
get, 0.0016243457794189453 
get, 0.0016400814056396484 
get, 0.0016901493072509766 
get, 0.0016379356384277344 
get, 0.0015788078308105469 
get, 0.001636505126953125 
get, 0.0015876293182373047 
get, 0.0016069412231445312 
get, 0.0017158985137939453 
get, 0.0016999244689941406 
get, 0.001611471176147461 
get, 0.0016388893127441406 
get, 0.0016856193542480469 
get, 0.0015900135040283203 
get, 0.001596689224243164 
get, 0.0015861988067626953 
get, 0.0015900135040283203 
get, 0.0016405582427978516 
get, 0.0016887187957763672 
get, 0.001613616943359375 
get, 0.0016760826110839844 
get, 0.0016057491302490234 
get, 0.0016520023345947266 
get, 0.0016140937805175781 
get, 0.0015034675598144531 
get, 0.0016312599182128906 
get, 0.0016841888427734375 
get, 0.0015463829040527344 
get, 0.0016529560089111328 
get, 0.0016143321990966797 
get, 0.0016562938690185547 
get, 0.0016222000122070312 
get, 0.001664876937866211 
get, 0.0016524791717529297 
get, 0.001605987548828125 
get, 0.0014190673828125 
get, 0.001621246337890625 
get, 0.0016345977783203125 
get, 0.0016362667083740234 
get, 0.0016143321990966797 
get, 0.001710653305053711 
get, 0.0016720294952392578 
get, 0.0016291141510009766 
get, 0.001588582992553711 
get, 0.0016613006591796875 
get, 0.001600503921508789 
get, 0.00160980224609375 
get, 0.0015294551849365234 
get, 0.0016198158264160156 
get, 0.0014896392822265625 
get, 0.0015914440155029297 
get, 0.0017087459564208984 
get, 0.0015702247619628906 
get, 0.0015981197357177734 
get, 0.0016415119171142578 
get, 0.0016214847564697266 
get, 0.001638650894165039 
get, 0.0015859603881835938 
get, 0.0016231536865234375 
get, 0.001636505126953125 
get, 0.0016334056854248047 
get, 0.0015938282012939453 
get, 0.0016951560974121094 
get, 0.00171661376953125 
get, 0.0016825199127197266 
get, 0.0015263557434082031 
get, 0.0015919208526611328 
get, 0.001619100570678711 
get, 0.0016055107116699219 
get, 0.001589059829711914 
get, 0.0016655921936035156 
get, 0.0017235279083251953 
get, 0.0016062259674072266 
get, 0.00165557861328125 
get, 0.0016410350799560547 
get, 0.0016453266143798828 
get, 0.0016131401062011719 
get, 0.0016238689422607422 
get, 0.001537322998046875 
get, 0.0016078948974609375 
get, 0.0016129016876220703 
get, 0.0015208721160888672 
get, 0.0016965866088867188 
get, 0.0016155242919921875 
get, 0.0016884803771972656 
get, 0.0016665458679199219 
get, 0.0016565322875976562 
get, 0.0015270709991455078 
get, 0.0016112327575683594 
get, 0.0016324520111083984 
get, 0.0016088485717773438 
get, 0.0015447139739990234 
get, 0.001605987548828125 
get, 0.0015947818756103516 
get, 0.001627206802368164 
get, 0.0015861988067626953 
get, 0.0016558170318603516 
get, 0.0016171932220458984 
get, 0.0016379356384277344 
get, 0.0016248226165771484 
get, 0.0015664100646972656 
get, 0.0016467571258544922 
get, 0.0015857219696044922 
get, 0.001630544662475586 
get, 0.0016303062438964844 
get, 0.0015964508056640625 
get, 0.0017085075378417969 
get, 0.0016450881958007812 
get, 0.001550436019897461 
get, 0.00160980224609375 
get, 0.0016772747039794922 
get, 0.0015869140625 
get, 0.0016655921936035156 
get, 0.0015802383422851562 
get, 0.0016155242919921875 
get, 0.0016133785247802734 
get, 0.0016236305236816406 
get, 0.0016858577728271484 
get, 0.0016551017761230469 
get, 0.0015435218811035156 
get, 0.0015587806701660156 
get, 0.0015232563018798828 
get, 0.0015974044799804688 
get, 0.0015587806701660156 
get, 0.0016207695007324219 
get, 0.001672983169555664 
get, 0.0016970634460449219 
get, 0.0016160011291503906 
get, 0.001631021499633789 
get, 0.0016295909881591797 
get, 0.001683950424194336 
get, 0.001577615737915039 
get, 0.0016219615936279297 
get, 0.0015823841094970703 
get, 0.0015263557434082031 
get, 0.001688241958618164 
get, 0.0016086101531982422 
get, 0.0016217231750488281 
get, 0.0016465187072753906 
get, 0.0016415119171142578 
get, 0.001615285873413086 
get, 0.001600027084350586 
get, 0.0016078948974609375 
get, 0.0016443729400634766 
get, 0.0015952587127685547 
get, 0.0015513896942138672 
get, 0.0015430450439453125 
get, 0.0016148090362548828 
get, 0.0016372203826904297 
get, 0.0016973018646240234 
get, 0.001589059829711914 
get, 0.0015773773193359375 
get, 0.0016033649444580078 
get, 0.0015769004821777344 
get, 0.0016512870788574219 
get, 0.0016775131225585938 
get, 0.0015609264373779297 
get, 0.0016453266143798828 
get, 0.0017170906066894531 
get, 0.0016140937805175781 
get, 0.0016222000122070312 
get, 0.0016095638275146484 
get, 0.001592397689819336 
get, 0.0015635490417480469 
get, 0.0016086101531982422 
get, 0.0016016960144042969 
get, 0.0016584396362304688 
get, 0.0016047954559326172 
get, 0.0016124248504638672 
get, 0.0016009807586669922 
get, 0.0015616416931152344 
get, 0.0016529560089111328 
get, 0.0016217231750488281 
get, 0.0016167163848876953 
get, 0.0016155242919921875 
get, 0.0016336441040039062 
get, 0.0016317367553710938 
get, 0.0017359256744384766 
get, 0.0016252994537353516 
get, 0.0016303062438964844 
get, 0.0016245841979980469 
get, 0.0016701221466064453 
get, 0.0016186237335205078 
get, 0.0016248226165771484 
get, 0.0016341209411621094 
get, 0.0015952587127685547 
get, 0.001688241958618164 
get, 0.0016684532165527344 
get, 0.0016756057739257812 
get, 0.0016522407531738281 
get, 0.0016155242919921875 
get, 0.0015912055969238281 
get, 0.0015273094177246094 
get, 0.0015616416931152344 
get, 0.001611948013305664 
get, 0.0016474723815917969 
get, 0.0016732215881347656 
get, 0.001703500747680664 
get, 0.0016944408416748047 
get, 0.0015637874603271484 
get, 0.0015850067138671875 
get, 0.0015950202941894531 
get, 0.001524209976196289 
get, 0.0016057491302490234 
get, 0.0016651153564453125 
get, 0.001653909683227539 
get, 0.001622915267944336 
get, 0.0016415119171142578 
get, 0.0015578269958496094 
get, 0.0015654563903808594 
get, 0.0016281604766845703 
get, 0.0016093254089355469 
get, 0.0015747547149658203 
get, 0.0015931129455566406 
get, 0.001657247543334961 
get, 0.0016226768493652344 
get, 0.0016093254089355469 
get, 0.001628875732421875 
get, 0.0015606880187988281 
get, 0.0015909671783447266 
get, 0.001615762710571289 
get, 0.001615285873413086 
get, 0.001603841781616211 
get, 0.0016210079193115234 
get, 0.0016829967498779297 
get, 0.0016205310821533203 
get, 0.0017108917236328125 
get, 0.0015933513641357422 
get, 0.0016880035400390625 
get, 0.0016384124755859375 
get, 0.0015902519226074219 
get, 0.0015943050384521484 
get, 0.0015764236450195312 
get, 0.0015625953674316406 
get, 0.001590728759765625 
get, 0.0016319751739501953 
get, 0.0015909671783447266 
get, 0.0016222000122070312 
get, 0.001646280288696289 
get, 0.0015802383422851562 
get, 0.0016567707061767578 
get, 0.0015249252319335938 
get, 0.0016582012176513672 
get, 0.0016207695007324219 
get, 0.001537322998046875 
get, 0.0016276836395263672 
get, 0.001642465591430664 
get, 0.0016944408416748047 
get, 0.0015866756439208984 
get, 0.0015769004821777344 
get, 0.0015299320220947266 
get, 0.0015859603881835938 
get, 0.0015873908996582031 
get, 0.0015873908996582031 
get, 0.0016465187072753906 
get, 0.0016732215881347656 
get, 0.0015184879302978516 
get, 0.001622915267944336 
get, 0.0016701221466064453 
get, 0.0016412734985351562 
get, 0.001664876937866211 
get, 0.001650094985961914 
get, 0.002475261688232422 
get, 0.0018339157104492188 
get, 0.0016083717346191406 
get, 0.0016353130340576172 
get, 0.0016491413116455078 
get, 0.00160980224609375 
get, 0.0016367435455322266 
get, 0.0016202926635742188 
get, 0.001535177230834961 
get, 0.0014810562133789062 
get, 0.0016298294067382812 
get, 0.0016427040100097656 
get, 0.0016438961029052734 
get, 0.0016014575958251953 
get, 0.0015878677368164062 
get, 0.0016493797302246094 
get, 0.0015971660614013672 
get, 0.0016291141510009766 
get, 0.0015840530395507812 
get, 0.001569509506225586 
get, 0.0016150474548339844 
get, 0.0015637874603271484 
get, 0.0015981197357177734 
get, 0.0015988349914550781 
get, 0.0015549659729003906 
get, 0.0015785694122314453 
get, 0.0015683174133300781 
get, 0.0015912055969238281 
get, 0.0016312599182128906 
get, 0.001615762710571289 
get, 0.0016300678253173828 
get, 0.001596212387084961 
get, 0.0016663074493408203 
get, 0.0014979839324951172 
get, 0.0016224384307861328 
get, 0.0015990734100341797 
get, 0.0016140937805175781 
get, 0.0016875267028808594 
get, 0.0015532970428466797 
get, 0.001589059829711914 
get, 0.0015878677368164062 
get, 0.0015840530395507812 
get, 0.0017333030700683594 
get, 0.0018947124481201172 
get, 0.0015454292297363281 
get, 0.0015642642974853516 
get, 0.0016472339630126953 
get, 0.0016407966613769531 
get, 0.0016660690307617188 
get, 0.00159454345703125 
get, 0.0015869140625 
get, 0.001608133316040039 
get, 0.0016505718231201172 
get, 0.0016093254089355469 
get, 0.0016276836395263672 
get, 0.0016200542449951172 
get, 0.0016770362854003906 
get, 0.0016090869903564453 
get, 0.0015249252319335938 
get, 0.001634836196899414 
get, 0.0016367435455322266 
get, 0.0016198158264160156 
get, 0.0015811920166015625 
get, 0.0016283988952636719 
get, 0.0016510486602783203 
get, 0.0015304088592529297 
get, 0.0015859603881835938 
get, 0.0016016960144042969 
get, 0.0016684532165527344 
get, 0.0016515254974365234 
get, 0.0015616416931152344 
get, 0.0015780925750732422 
get, 0.0016477108001708984 
get, 0.0016498565673828125 
get, 0.001569986343383789 
get, 0.0016887187957763672 
get, 0.0016143321990966797 
get, 0.0016782283782958984 
get, 0.0016279220581054688 
get, 0.0016329288482666016 
get, 0.0016188621520996094 
get, 0.001733541488647461 
get, 0.0016324520111083984 
get, 0.001607656478881836 
get, 0.001529693603515625 
get, 0.0016186237335205078 
get, 0.0016150474548339844 
get, 0.0015761852264404297 
get, 0.0016410350799560547 
get, 0.0015964508056640625 
get, 0.0016684532165527344 
get, 0.0016493797302246094 
get, 0.0015769004821777344 
get, 0.0016090869903564453 
get, 0.0016298294067382812 
get, 0.0015807151794433594 
get, 0.00156402587890625 
get, 0.0016298294067382812 
get, 0.00160980224609375 
get, 0.0015673637390136719 
get, 0.0015149116516113281 
get, 0.0015995502471923828 
get, 0.0015757083892822266 
get, 0.0015935897827148438 
get, 0.0015914440155029297 
get, 0.0015707015991210938 
get, 0.0016412734985351562 
get, 0.0014960765838623047 
get, 0.0014767646789550781 
get, 0.0016009807586669922 
get, 0.0016164779663085938 
get, 0.0015523433685302734 
get, 0.0016586780548095703 
get, 0.0016036033630371094 
get, 0.0016200542449951172 
get, 0.001575469970703125 
get, 0.0015869140625 
get, 0.0016093254089355469 
get, 0.001613616943359375 
get, 0.0015807151794433594 
get, 0.0015516281127929688 
get, 0.0016531944274902344 
get, 0.0016436576843261719 
get, 0.0016026496887207031 
get, 0.0016672611236572266 
get, 0.0016264915466308594 
get, 0.0016868114471435547 
get, 0.0016148090362548828 
get, 0.0015957355499267578 
get, 0.0015816688537597656 
get, 0.001611948013305664 
get, 0.0015730857849121094 
get, 0.0016570091247558594 
get, 0.0016102790832519531 
get, 0.0016410350799560547 
get, 0.001659393310546875 
get, 0.001699686050415039 
get, 0.0017163753509521484 
get, 0.0016252994537353516 
get, 0.0015649795532226562 
get, 0.0016596317291259766 
get, 0.0016481876373291016 
get, 0.0017056465148925781 
get, 0.0016021728515625 
get, 0.0016853809356689453 
get, 0.0017170906066894531 
get, 0.0015854835510253906 
get, 0.001627206802368164 
get, 0.001558542251586914 
get, 0.00157928466796875 
get, 0.0016388893127441406 
get, 0.0016179084777832031 
get, 0.0015833377838134766 
get, 0.0016460418701171875 
get, 0.001623392105102539 
get, 0.0015873908996582031 
get, 0.0016760826110839844 
get, 0.0015931129455566406 
get, 0.0016717910766601562 
get, 0.001604318618774414 
get, 0.0015633106231689453 
get, 0.001605987548828125 
get, 0.0015892982482910156 
get, 0.0015919208526611328 
get, 0.0016620159149169922 
get, 0.0015985965728759766 
get, 0.0016183853149414062 
get, 0.0014963150024414062 
get, 0.0016770362854003906 
get, 0.0015499591827392578 
get, 0.0015587806701660156 
get, 0.001615762710571289 
get, 0.0015766620635986328 
get, 0.0016033649444580078 
get, 0.0016624927520751953 
get, 0.0015747547149658203 
get, 0.0015208721160888672 
get, 0.0016086101531982422 
get, 0.0016396045684814453 
get, 0.001584768295288086 
get, 0.0016088485717773438 
get, 0.0016984939575195312 
get, 0.001577615737915039 
get, 0.0015964508056640625 
get, 0.0015988349914550781 
get, 0.0016028881072998047 
get, 0.001653432846069336 
get, 0.001589059829711914 
get, 0.0016531944274902344 
get, 0.0016982555389404297 
get, 0.0016410350799560547 
get, 0.0015828609466552734 
get, 0.0015549659729003906 
get, 0.0016069412231445312 
get, 0.0015974044799804688 
get, 0.0016050338745117188 
get, 0.0016283988952636719 
get, 0.0015878677368164062 
get, 0.0016143321990966797 
get, 0.0015709400177001953 
get, 0.001641988754272461 
get, 0.0016372203826904297 
get, 0.001688241958618164 
get, 0.0016682147979736328 
get, 0.0016207695007324219 
get, 0.0015838146209716797 
get, 0.0016553401947021484 
get, 0.0015866756439208984 
get, 0.0016019344329833984 
get, 0.0015823841094970703 
get, 0.0016133785247802734 
get, 0.00167083740234375 
get, 0.00165557861328125 
get, 0.0016930103302001953 
get, 0.0016252994537353516 
get, 0.0016875267028808594 
get, 0.0016410350799560547 
get, 0.001584768295288086 
get, 0.0016186237335205078 
get, 0.0015807151794433594 
get, 0.001664876937866211 
get, 0.0015978813171386719 
get, 0.0016279220581054688 
get, 0.0015993118286132812 
get, 0.0016241073608398438 
get, 0.0016007423400878906 
get, 0.0016460418701171875 
get, 0.0016443729400634766 
get, 0.0015864372253417969 
get, 0.0015714168548583984 
get, 0.0015630722045898438 
get, 0.0015361309051513672 
get, 0.0015711784362792969 
get, 0.0016214847564697266 
get, 0.001687765121459961 
get, 0.0016050338745117188 
get, 0.0016133785247802734 
get, 0.0015976428985595703 
get, 0.0016336441040039062 
get, 0.0016617774963378906 
get, 0.0015668869018554688 
get, 0.0016129016876220703 
get, 0.0015709400177001953 
get, 0.001569986343383789 
get, 0.0016887187957763672 
get, 0.0015780925750732422 
get, 0.0017008781433105469 
get, 0.0016019344329833984 
get, 0.0015780925750732422 
get, 0.0016508102416992188 
get, 0.0016601085662841797 
get, 0.0015747547149658203 
get, 0.0016126632690429688 
get, 0.0015912055969238281 
get, 0.001600503921508789 
get, 0.0016262531280517578 
get, 0.0016093254089355469 
get, 0.0016210079193115234 
get, 0.0016894340515136719 
get, 0.001589059829711914 
get, 0.0016429424285888672 
get, 0.0015900135040283203 
get, 0.0015361309051513672 
get, 0.001531362533569336 
get, 0.0016090869903564453 
get, 0.0015599727630615234 
get, 0.0015730857849121094 
get, 0.0016429424285888672 
get, 0.0016820430755615234 
get, 0.0016298294067382812 
get, 0.0016598701477050781 
get, 0.0016357898712158203 
get, 0.0016338825225830078 
get, 0.0015919208526611328 
get, 0.0016303062438964844 
get, 0.0016415119171142578 
get, 0.001592874526977539 
get, 0.0015616416931152344 
get, 0.0015530586242675781 
get, 0.0015871524810791016 
get, 0.0015916824340820312 
get, 0.0016088485717773438 
get, 0.0016443729400634766 
get, 0.0016200542449951172 
get, 0.0015628337860107422 
get, 0.0016243457794189453 
get, 0.0016522407531738281 
get, 0.001589059829711914 
get, 0.0016126632690429688 
get, 0.0015892982482910156 
get, 0.0017142295837402344 
get, 0.0017511844635009766 
get, 0.001636505126953125 
get, 0.0017423629760742188 
get, 0.0016469955444335938 
get, 0.0016376972198486328 
get, 0.0017566680908203125 
get, 0.0016918182373046875 
get, 0.0016109943389892578 
get, 0.0016508102416992188 
delete, 0.0016093254089355469 
delete, 0.0016384124755859375 
delete, 0.0016682147979736328 
delete, 0.0016446113586425781 
delete, 0.00157928466796875 
delete, 0.0016751289367675781 
delete, 0.0016512870788574219 
delete, 0.0016524791717529297 
delete, 0.0016627311706542969 
delete, 0.0016295909881591797 
delete, 0.0016264915466308594 
delete, 0.001634359359741211 
delete, 0.0016391277313232422 
delete, 0.0015680789947509766 
delete, 0.0017189979553222656 
delete, 0.001653432846069336 
delete, 0.0017056465148925781 
delete, 0.0016977787017822266 
delete, 0.0016269683837890625 
delete, 0.0016341209411621094 
delete, 0.001689910888671875 
delete, 0.0015857219696044922 
delete, 0.0015790462493896484 
delete, 0.0015380382537841797 
delete, 0.0017135143280029297 
delete, 0.001687765121459961 
delete, 0.0016665458679199219 
delete, 0.0016255378723144531 
delete, 0.0015730857849121094 
delete, 0.0016264915466308594 
delete, 0.0016775131225585938 
delete, 0.0015304088592529297 
delete, 0.001558065414428711 
delete, 0.0015943050384521484 
delete, 0.0016682147979736328 
delete, 0.0016245841979980469 
delete, 0.0015637874603271484 
delete, 0.0015902519226074219 
delete, 0.0015985965728759766 
delete, 0.0016350746154785156 
delete, 0.0016562938690185547 
delete, 0.0015940666198730469 
delete, 0.0016698837280273438 
delete, 0.0016374588012695312 
delete, 0.0016567707061767578 
delete, 0.001603841781616211 
delete, 0.0016291141510009766 
delete, 0.0015950202941894531 
delete, 0.0016219615936279297 
delete, 0.0016345977783203125 
delete, 0.001508951187133789 
delete, 0.0016374588012695312 
delete, 0.0016584396362304688 
delete, 0.0015447139739990234 
delete, 0.0015091896057128906 
delete, 0.0015730857849121094 
delete, 0.0016384124755859375 
delete, 0.0016505718231201172 
delete, 0.0016529560089111328 
delete, 0.0015740394592285156 
delete, 0.0015575885772705078 
delete, 0.0016245841979980469 
delete, 0.0016090869903564453 
delete, 0.0015864372253417969 
delete, 0.0015947818756103516 
delete, 0.0015797615051269531 
delete, 0.0015859603881835938 
delete, 0.001668691635131836 
delete, 0.0017170906066894531 
delete, 0.0015757083892822266 
delete, 0.0015621185302734375 
delete, 0.0016703605651855469 
delete, 0.0016007423400878906 
delete, 0.0015988349914550781 
delete, 0.0016112327575683594 
delete, 0.0016207695007324219 
delete, 0.0015711784362792969 
delete, 0.0016329288482666016 
delete, 0.001642465591430664 
delete, 0.0015594959259033203 
delete, 0.0016529560089111328 
delete, 0.001600027084350586 
delete, 0.0016148090362548828 
delete, 0.0016663074493408203 
delete, 0.001653432846069336 
delete, 0.001577615737915039 
delete, 0.0016312599182128906 
delete, 0.0016179084777832031 
delete, 0.0015301704406738281 
delete, 0.0016760826110839844 
delete, 0.0016574859619140625 
delete, 0.001659393310546875 
delete, 0.0016293525695800781 
delete, 0.0015985965728759766 
delete, 0.0015006065368652344 
delete, 0.001615285873413086 
delete, 0.0016481876373291016 
delete, 0.001569509506225586 
delete, 0.001607656478881836 
delete, 0.0016651153564453125 
scenario, 6.0488317012786865 
